,city,lat,lon,Max Temp,Humidity,Cloudiness,Windspeed,Country,Date
0,bredasdorp,-34.53,20.04,50.0,81,0,2.24,ZA,1603225932
1,kinshasa,-4.32,15.32,82.4,74,20,2.24,CD,1603225933
2,mitu,1.2,-70.17,81.05,90,99,2.01,CO,1603225933
3,rikitea,-23.12,-134.97,73.51,79,0,14.97,PF,1603225933
4,lannion,48.75,-3.42,59.0,87,100,9.17,FR,1603225933
5,moramanga,-18.93,48.2,63.05,89,99,1.83,MG,1603225933
6,naliya,23.27,68.83,82.9,73,0,8.39,IN,1603225933
7,alta floresta,-9.88,-56.09,89.53,42,95,2.86,BR,1603225933
8,hobart,-42.88,147.33,52.0,87,75,2.77,AU,1603225807
9,albany,42.6,-73.97,66.0,77,100,1.12,US,1603225759
10,bara,10.37,10.73,80.15,44,80,5.66,NG,1603225934
11,gigmoto,13.78,124.39,80.28,82,99,11.59,PH,1603225934
12,kapaa,22.08,-159.32,77.0,88,75,10.29,US,1603225934
13,ushuaia,-54.8,-68.3,44.6,62,75,14.99,AR,1603225934
14,allada,6.67,2.15,80.6,88,40,10.29,BJ,1603225934
15,roma,43.21,-75.46,51.8,87,90,3.36,US,1603225925
16,isangel,-19.55,169.27,71.6,88,75,10.29,VU,1603225935
17,mataura,-46.19,168.86,48.99,79,45,4.0,NZ,1603225935
18,sitka,57.05,-135.33,44.6,81,20,3.36,US,1603225935
19,ribeira grande,38.52,-28.7,62.6,59,40,5.82,PT,1603225935
20,port augusta,-32.5,137.77,55.4,93,9,5.82,AU,1603225936
21,kamaishi,39.27,141.88,52.27,70,3,4.99,JP,1603225936
22,kaitangata,-46.28,169.85,50.02,63,96,3.49,NZ,1603225936
23,chuy,-33.7,-53.46,55.06,84,100,15.28,UY,1603225936
24,hobyo,5.35,48.53,80.1,81,0,18.86,SO,1603225936
25,hermanus,-34.42,19.23,50.0,86,0,0.56,ZA,1603225657
26,nikolskoye,59.7,30.79,35.01,86,40,2.24,RU,1603225937
27,vajszlo,45.86,17.98,45.0,83,67,8.72,HU,1603225937
28,nizwa,22.93,57.53,68.94,23,0,3.02,OM,1603225937
29,atuona,-9.8,-139.03,77.77,73,4,18.05,PF,1603225937
30,osmena,10.52,119.93,81.0,82,100,11.48,PH,1603225937
31,egvekinot,66.32,-179.17,34.14,100,100,7.36,RU,1603225938
32,rudnya,54.95,31.09,34.59,89,98,5.17,RU,1603225938
33,cedar city,37.68,-113.06,71.6,10,1,3.36,US,1603225938
34,kodiak,57.79,-152.41,46.4,49,1,14.99,US,1603225938
35,mar del plata,-38.0,-57.56,55.4,50,34,8.05,AR,1603225775
36,ternate,0.8,127.4,80.82,73,29,4.7,ID,1603225938
37,pevek,69.7,170.31,30.51,95,100,18.05,RU,1603225939
38,bosaso,11.28,49.18,83.08,35,0,8.93,SO,1603225939
39,haimen,23.19,116.61,71.6,68,53,4.47,CN,1603225939
40,russell,32.35,-85.2,84.2,48,75,8.05,US,1603225939
41,vaini,-21.2,-175.2,75.2,64,40,10.29,TO,1603225939
42,auki,-8.77,160.7,81.0,80,100,5.08,SB,1603225939
43,soyo,-6.13,12.37,77.27,80,83,6.24,AO,1603225939
44,pocone,-16.26,-56.62,90.45,46,67,7.11,BR,1603225940
45,lagoa,39.05,-27.98,63.41,67,49,28.83,PT,1603225940
46,solnechnyy,50.72,136.63,34.93,83,76,7.61,RU,1603225940
47,jamestown,42.1,-79.24,48.99,93,90,6.93,US,1603225940
48,chanute,37.68,-95.46,51.8,87,90,8.79,US,1603225860
49,butaritari,3.07,172.79,81.91,77,93,11.92,KI,1603225940
50,punta arenas,-53.15,-70.92,50.0,46,75,13.87,CL,1603225940
51,new norfolk,-42.78,147.06,52.0,71,99,1.92,AU,1603225941
52,limbang,4.75,115.0,77.0,88,75,5.82,MY,1603225941
53,bakchar,57.02,82.07,41.11,93,100,8.1,RU,1603225941
54,nueva loja,0.08,-76.88,77.0,94,75,2.24,EC,1603225941
55,khatanga,71.97,102.5,5.88,95,83,8.23,RU,1603225941
56,great falls,47.5,-111.3,32.0,86,90,3.36,US,1603225747
57,srednekolymsk,67.45,153.68,15.76,96,94,5.35,RU,1603225942
58,east london,-33.02,27.91,61.39,67,9,10.38,ZA,1603225942
59,saint anthony,45.02,-93.22,32.0,92,90,5.82,US,1603225942
60,georgetown,5.41,100.34,80.6,88,20,3.36,MY,1603225813
61,thompson,55.74,-97.86,30.2,68,90,3.36,CA,1603225942
62,bengkulu,-3.8,102.27,76.6,80,100,3.53,ID,1603225942
63,bethel,41.37,-73.41,68.0,77,40,9.17,US,1603225943
64,bayevo,53.28,80.77,42.04,64,57,8.28,RU,1603225943
65,kalabo,-14.97,22.68,75.31,17,0,4.88,ZM,1603225943
66,salalah,17.02,54.09,80.6,51,70,2.24,OM,1603225943
67,meulaboh,4.14,96.13,76.87,85,54,4.59,ID,1603225943
68,esperance,-33.87,121.9,57.2,100,90,9.17,AU,1603225943
69,caravelas,-17.71,-39.25,73.96,91,87,6.24,BR,1603225944
70,tasiilaq,65.61,-37.64,32.0,93,100,21.92,GL,1603225944
71,longyearbyen,78.22,15.64,23.0,73,8,1.12,SJ,1603225944
72,opuwo,-18.06,13.84,66.09,33,0,4.03,NA,1603225944
73,sur,22.57,59.53,72.99,63,0,5.32,OM,1603225944
74,gorontalo,0.54,123.06,73.94,85,100,1.97,ID,1603225945
75,clyde river,70.47,-68.59,30.2,74,90,16.11,CA,1603225942
76,severnyy,50.68,36.55,39.2,82,0,8.95,RU,1603225945
77,bluff,-46.6,168.33,48.99,79,67,4.0,NZ,1603225945
78,paka,4.64,103.44,77.0,100,50,3.4,MY,1603225945
79,bubaque,11.28,-15.83,82.56,80,5,13.98,GW,1603225945
80,klaksvik,62.23,-6.59,41.0,70,37,9.17,FO,1603225763
81,prado,-17.34,-39.22,73.99,91,83,3.24,BR,1603225946
82,warrnambool,-38.38,142.48,48.99,93,33,3.58,AU,1603225946
83,slantsy,59.12,28.09,33.08,93,100,2.35,RU,1603225946
84,tuatapere,-46.13,167.68,48.99,79,16,4.0,NZ,1603225946
85,kavaratti,10.57,72.64,81.21,75,100,10.2,IN,1603225947
86,barguzin,53.62,109.62,22.32,88,100,3.09,RU,1603225947
87,lebu,-37.62,-73.65,52.52,67,0,19.69,CL,1603225947
88,saint-philippe,-21.36,55.77,71.6,73,18,6.93,RE,1603225947
89,busselton,-33.65,115.33,53.01,90,0,7.0,AU,1603225906
90,avarua,-21.21,-159.78,77.0,88,35,5.82,CK,1603225948
91,namibe,-15.2,12.15,68.63,82,66,5.1,AO,1603225948
92,port alfred,-33.59,26.89,58.19,71,0,8.84,ZA,1603225948
93,bar-le-duc,48.75,5.17,57.2,71,100,8.05,FR,1603225948
94,upernavik,72.79,-56.15,33.98,85,100,3.44,GL,1603225948
95,half moon bay,37.46,-122.43,82.0,73,5,5.82,US,1603225931
96,hilo,19.73,-155.09,84.2,54,1,11.41,US,1603225948
97,perth,-31.93,115.83,62.01,67,86,8.05,AU,1603225926
98,tautira,-17.73,-149.15,84.2,66,20,17.22,PF,1603225949
99,bismarck,46.81,-100.78,37.4,93,90,11.41,US,1603225949
100,dikson,73.51,80.55,21.76,97,98,4.76,RU,1603225949
101,port elizabeth,-33.92,25.57,55.0,84,0,7.63,ZA,1603225950
102,mabaruma,8.2,-59.78,83.32,72,10,5.44,GY,1603225950
103,norman wells,65.28,-126.83,21.2,85,75,13.87,CA,1603225950
104,tadine,-21.55,167.88,75.06,79,0,11.79,NC,1603225950
105,buala,-8.14,159.59,83.5,73,95,5.75,SB,1603225950
106,cape town,-33.93,18.42,57.0,66,0,8.05,ZA,1603225950
107,geraldton,-28.77,114.6,64.4,77,90,14.99,AU,1603225950
108,cabo san lucas,22.89,-109.91,93.2,52,5,8.05,MX,1603225695
109,great bend,38.36,-98.76,51.8,76,90,6.93,US,1603225748
110,patrocinio,-18.94,-46.99,66.0,100,95,5.77,BR,1603225951
111,barcelos,41.54,-8.62,59.0,100,75,5.82,PT,1603225951
112,hithadhoo,-0.6,73.08,82.15,80,97,14.03,MV,1603225856
113,karakol,42.49,78.39,43.61,40,0,2.8,KG,1603225951
114,codrington,-38.27,141.97,47.61,88,28,2.91,AU,1603225951
115,balkhash,46.84,74.98,48.54,43,0,9.75,KZ,1603225951
116,kabare,-2.47,28.82,60.08,83,46,0.94,CD,1603225952
117,yellowknife,62.46,-114.35,28.0,73,75,9.17,CA,1603225809
118,manokwari,-0.87,134.08,78.93,73,50,4.65,ID,1603225952
119,victoria,22.29,114.16,73.0,69,64,1.01,HK,1603225799
120,qaanaaq,77.48,-69.36,20.98,83,0,6.51,GL,1603225949
121,mount gambier,-37.83,140.77,44.6,100,90,3.62,AU,1603225952
122,atar,20.52,-13.05,90.0,22,0,7.43,MR,1603225952
123,porto novo,6.5,2.6,80.6,88,40,10.29,BJ,1603225953
124,te anau,-45.42,167.72,46.58,62,16,3.11,NZ,1603225953
125,sevsk,52.15,34.49,36.77,82,54,7.02,RU,1603225926
126,camacha,33.08,-16.33,68.0,68,40,17.22,PT,1603225953
127,gallup,35.53,-108.74,77.0,8,1,5.82,US,1603225953
128,valle de allende,26.93,-105.4,84.4,20,0,3.96,MX,1603225953
129,rocha,-34.48,-54.33,52.21,84,100,9.4,UY,1603225954
130,hami,42.8,93.45,46.11,48,0,4.23,CN,1603225954
131,ryotsu,38.08,138.43,59.58,59,0,10.4,JP,1603225954
132,hualmay,-11.1,-77.61,67.55,69,10,8.9,PE,1603225954
133,domoni,-12.26,44.53,77.83,73,0,1.9,KM,1603225954
134,touros,-5.2,-35.46,80.6,69,20,10.29,BR,1603225954
135,arraial do cabo,-22.97,-42.03,77.0,73,0,18.34,BR,1603225954
136,balabac,7.99,117.06,80.85,82,100,11.16,PH,1603225954
137,itamarandiba,-17.86,-42.86,61.41,97,100,3.33,BR,1603225955
138,kruisfontein,-34.0,24.73,55.0,84,0,5.26,ZA,1603225955
139,paamiut,61.99,-49.67,37.42,79,100,7.81,GL,1603225955
140,hirara,24.8,125.28,80.53,81,100,24.09,JP,1603225955
141,wagga wagga,-35.12,147.37,57.99,100,97,1.12,AU,1603225955
142,katsuura,35.13,140.3,59.0,77,20,14.99,JP,1603225955
143,wattegama,6.8,81.48,75.85,76,67,5.73,LK,1603225956
144,boa vista,2.82,-60.67,95.0,39,75,9.17,BR,1603225857
145,airai,-8.93,125.41,59.81,78,95,1.9,TL,1603225956
146,leninskoye,41.76,69.39,53.6,50,0,4.7,KZ,1603225956
147,trebinje,42.71,18.34,59.0,47,2,3.36,BA,1603225956
148,saint-pierre,-21.34,55.48,71.6,73,22,6.93,RE,1603225956
149,guerrero negro,27.98,-114.06,80.1,55,1,14.09,MX,1603225957
150,alyangula,-13.85,136.42,73.4,94,0,11.99,AU,1603225957
151,gelnica,48.86,20.94,45.0,87,52,4.7,SK,1603225957
152,tanout,14.97,8.89,88.09,12,0,9.01,NE,1603225957
153,vao,-22.67,167.48,72.9,83,25,15.05,NC,1603225957
154,carnarvon,-24.87,113.63,66.2,82,38,14.99,AU,1603225957
155,nouadhibou,20.93,-17.03,78.8,50,2,14.99,MR,1603225957
156,tilichiki,60.47,166.1,40.32,90,100,26.93,RU,1603225958
157,puerto ayora,-0.74,-90.35,77.0,69,75,11.41,EC,1603225958
158,taber,49.82,-112.15,32.0,78,20,9.17,CA,1603225958
159,conceicao do castelo,-20.37,-41.24,65.88,93,99,3.62,BR,1603225958
160,souillac,-20.52,57.52,75.2,73,20,11.41,MU,1603225958
161,irbeyskoye,55.64,95.45,35.06,90,100,10.83,RU,1603225958
162,inhambane,-23.86,35.38,73.49,90,0,9.01,MZ,1603225959
163,leh,34.17,77.58,35.38,54,0,1.48,IN,1603225959
164,solsona,41.99,1.52,63.0,81,99,10.0,ES,1603225959
165,saldanha,-33.01,17.94,57.2,71,0,11.41,ZA,1603225959
166,tiksi,71.69,128.87,10.0,92,100,11.07,RU,1603225959
167,alofi,-19.06,-169.92,75.2,83,90,17.22,NU,1603225959
168,palmer,42.16,-72.33,69.8,68,75,5.82,US,1603225960
169,hofn,64.25,-15.21,36.45,76,0,7.76,IS,1603225960
170,puerto escondido,15.85,-97.07,85.44,66,100,4.9,MX,1603225960
171,anadyr,64.75,177.48,41.0,86,75,17.9,RU,1603225960
172,santa cruz,-17.8,-63.17,93.2,46,40,17.22,BO,1603225871
173,bonthe,7.53,-12.51,78.39,84,99,3.91,SL,1603225960
174,calvia,39.57,2.51,66.99,88,96,6.93,ES,1603225961
175,henties bay,-22.12,14.28,57.99,85,0,1.99,NA,1603225961
176,praia,14.92,-23.51,82.4,74,100,13.87,CV,1603225961
177,saint george,37.1,-113.58,82.99,12,1,2.75,US,1603225961
178,kastamonu,41.5,33.67,47.12,90,44,4.27,TR,1603225961
179,narsaq,60.92,-46.05,33.8,86,40,3.36,GL,1603225961
180,brae,60.4,-1.35,48.2,87,100,28.86,GB,1603225962
181,la ronge,55.1,-105.28,26.6,58,90,4.7,CA,1603225855
182,grand-lahou,5.14,-5.02,77.61,86,100,8.59,CI,1603225962
183,kortkeros,61.81,51.58,32.0,99,90,4.47,RU,1603225962
184,butajira,8.12,38.37,57.24,48,4,6.33,ET,1603225962
185,fare,-16.7,-151.02,79.27,79,62,15.55,PF,1603225962
186,la palma,33.85,-118.05,79.0,50,1,7.02,US,1603225883
187,mahebourg,-20.41,57.7,75.2,73,20,11.41,MU,1603225963
188,vung tau,10.35,107.08,80.1,80,100,2.93,VN,1603225963
189,acari,-15.43,-74.62,73.96,43,0,9.01,PE,1603225963
190,mareeba,-17.0,145.43,71.6,83,50,1.12,AU,1603225963
191,sola,-13.88,167.55,78.82,82,100,13.87,VU,1603225963
192,qasigiannguit,68.82,-51.19,37.4,74,75,10.29,GL,1603225964
193,abu dhabi,24.47,54.37,82.4,61,0,5.82,AE,1603225964
194,tuktoyaktuk,69.45,-133.04,23.0,85,90,18.34,CA,1603225914
195,yate,51.54,-2.42,57.99,92,100,4.0,GB,1603225964
196,faanui,-16.48,-151.75,78.87,81,26,16.15,PF,1603225964
197,dauphin,51.15,-100.05,35.6,59,75,8.05,CA,1603225964
198,careiro da varzea,-3.2,-59.81,91.4,63,40,3.36,BR,1603225964
199,sayyan,15.17,44.32,53.49,39,1,4.65,YE,1603225965
200,launceston,-41.45,147.17,50.0,87,40,6.93,AU,1603225807
201,gornopravdinsk,60.05,69.9,33.04,98,100,4.09,RU,1603225965
202,sorong,-0.88,131.25,76.98,87,26,7.56,ID,1603225779
203,sao geraldo do araguaia,-6.4,-48.55,90.9,37,92,2.26,BR,1603225965
204,orlik,52.52,99.83,14.94,87,76,2.82,RU,1603225965
205,arman,59.7,150.17,27.07,83,85,5.08,RU,1603225966
206,aleksandrovsk-sakhalinskiy,50.9,142.16,36.91,77,12,13.4,RU,1603225966
207,nangomba,-10.9,38.5,76.05,65,0,5.73,TZ,1603225966
208,manthani,18.65,79.67,77.18,88,99,1.72,IN,1603225966
209,necochea,-38.55,-58.74,55.0,71,80,4.0,AR,1603225966
210,atambua,-9.11,124.89,73.56,81,100,1.99,ID,1603225966
211,orimattila,60.8,25.73,37.0,96,90,3.36,FI,1603225966
212,constitucion,-35.33,-72.42,59.29,61,0,18.86,CL,1603225967
213,soe,-9.86,124.28,67.33,71,85,3.47,ID,1603225967
214,tieli,46.95,128.05,50.54,75,100,12.93,CN,1603225967
215,torbay,47.67,-52.73,57.2,76,75,16.11,CA,1603225967
216,pochutla,15.74,-96.47,89.6,55,40,11.41,MX,1603225968
217,kahului,20.89,-156.47,87.8,45,20,8.05,US,1603225941
218,indianola,41.36,-93.56,39.99,94,100,8.88,US,1603225748
219,hirschaid,49.82,10.99,51.01,51,100,3.51,DE,1603225968
220,karratha,-20.74,116.85,66.27,73,79,10.67,AU,1603225763
221,heze,35.24,115.44,55.08,67,73,7.38,CN,1603225968
222,price,39.6,-110.81,68.0,19,1,5.82,US,1603225968
223,madaba,31.58,35.67,69.8,64,0,3.89,JO,1603225968
224,aswan,24.09,32.91,79.66,25,0,3.87,EG,1603225968
225,hyeres,43.12,6.12,60.8,82,90,11.41,FR,1603225969
226,cidreira,-30.18,-50.21,69.42,89,13,8.7,BR,1603225969
227,omsukchan,62.53,155.8,12.45,92,95,2.17,RU,1603225969
228,ponta do sol,32.67,-17.1,68.0,60,20,3.36,PT,1603225969
229,acapulco,16.86,-99.89,86.0,74,75,6.93,MX,1603225942
230,warren,39.43,-84.17,54.0,100,90,8.05,US,1603225970
231,casino,-28.87,153.05,63.0,93,0,5.82,AU,1603225970
232,vila franca do campo,37.72,-25.43,62.6,63,40,12.75,PT,1603225970
233,tashla,51.77,52.74,38.97,72,0,7.56,RU,1603225970
234,cherskiy,68.75,161.3,20.37,97,93,5.97,RU,1603225970
235,usogorsk,63.41,48.69,25.59,98,71,0.51,RU,1603225971
236,austin,30.27,-97.74,90.0,43,40,9.17,US,1603225842
237,sao joao da barra,-21.64,-41.05,77.0,73,75,16.11,BR,1603225971
238,barrow,71.29,-156.79,26.6,79,90,10.29,US,1603225802
239,emerald,-23.53,148.17,69.8,88,75,6.93,AU,1603225971
240,bambous virieux,-20.34,57.76,75.2,73,20,11.41,MU,1603225971
241,nanortalik,60.14,-45.24,36.72,87,100,5.99,GL,1603225746
242,pisco,-13.7,-76.22,68.0,77,3,9.17,PE,1603225971
243,bartica,6.4,-58.62,80.6,94,40,6.93,GY,1603225972
244,kaffrine,14.11,-15.55,86.23,27,77,4.16,SN,1603225972
245,castro,-24.79,-50.01,70.23,77,58,0.47,BR,1603225972
246,urubicha,-15.38,-62.95,91.33,40,75,4.41,BO,1603225972
247,cuamba,-14.8,36.54,78.67,36,41,4.05,MZ,1603225972
248,sechura,-5.56,-80.82,74.14,57,17,16.67,PE,1603225972
249,poso,-1.4,120.75,81.0,67,96,3.62,ID,1603225972
250,chokurdakh,70.63,147.92,12.78,97,88,2.68,RU,1603225763
251,san quintin,30.48,-115.95,73.76,68,0,16.2,MX,1603225973
252,paracatu,-17.22,-46.87,66.63,95,100,1.14,BR,1603225973
253,nemuro,43.32,145.57,50.18,70,24,0.47,JP,1603225973
254,cayenne,4.93,-52.33,87.8,62,99,11.41,GF,1603225973
255,teya,60.38,92.63,29.21,97,98,2.08,RU,1603225973
256,diego de almagro,-26.37,-70.05,80.06,19,0,11.9,CL,1603225973
257,monrovia,6.3,-10.8,78.8,94,75,7.16,LR,1603225974
258,brazzaville,-4.27,15.28,82.4,74,20,2.24,CG,1603225974
259,nuevo progreso,23.17,-97.95,89.01,54,22,4.0,MX,1603225974
260,cap malheureux,-19.98,57.61,75.0,71,1,5.99,MU,1603225974
261,harper,4.38,-7.72,77.54,81,95,7.14,LR,1603225974
262,san pedro de macoris,18.46,-69.3,87.01,66,20,9.17,DO,1603225974
263,deep river,46.1,-77.5,46.99,65,90,3.36,CA,1603225974
264,los llanos de aridane,28.66,-17.92,75.2,73,20,12.75,ES,1603225975
265,okhotsk,59.38,143.3,24.75,81,98,10.76,RU,1603225927
266,chicama,-7.84,-79.15,66.2,77,24,11.41,PE,1603225975
267,kuhdasht,33.53,47.61,51.37,47,0,1.3,IR,1603225975
268,cienfuegos,22.15,-80.44,84.2,79,100,5.82,CU,1603225975
269,arlit,18.74,7.39,90.27,11,0,7.74,NE,1603225975
270,aykhal,66.0,111.5,6.8,92,90,4.47,RU,1603225975
271,maceio,-9.67,-35.74,78.8,69,20,10.29,BR,1603225793
272,jejuri,18.28,74.17,73.47,86,85,1.99,IN,1603225803
273,kaspiysk,42.88,47.64,59.0,72,40,2.24,RU,1603225976
274,micheweni,-4.97,39.83,77.86,82,2,8.86,TZ,1603225976
275,saskylakh,71.92,114.08,20.84,97,99,7.76,RU,1603225976
276,buraydah,26.33,43.98,69.8,30,0,4.7,SA,1603225976
277,krasnoselkup,65.7,82.47,24.17,98,100,10.02,RU,1603225976
278,manggar,-2.88,108.27,79.88,81,81,1.81,ID,1603225976
279,hovd,48.01,91.64,28.49,83,13,1.16,MN,1603225977
280,port macquarie,-31.43,152.92,55.4,93,2,3.56,AU,1603225977
281,leningradskiy,69.38,178.42,34.45,85,100,9.4,RU,1603225977
282,redlands,34.06,-117.18,87.01,34,5,3.36,US,1603225693
283,lompoc,34.64,-120.46,64.4,77,40,8.05,US,1603225958
284,ilulissat,69.22,-51.1,37.4,74,75,10.29,GL,1603225977
285,adre,13.47,22.2,77.65,18,0,8.14,TD,1603225977
286,cururupu,-1.83,-44.87,79.23,74,77,5.01,BR,1603225978
287,denpasar,-8.65,115.22,78.8,100,20,2.24,ID,1603225978
288,tateyama,34.98,139.87,59.0,77,20,14.99,JP,1603225978
289,turka,49.15,23.03,42.01,97,18,35.99,UA,1603225978
290,padang,-0.95,100.35,78.73,73,81,4.61,ID,1603225978
291,barranca,-10.75,-77.77,66.6,71,14,8.66,PE,1603225978
292,mehamn,71.04,27.85,28.4,92,75,8.05,NO,1603225978
293,ixtapa,20.7,-105.2,90.0,70,40,9.17,MX,1603225962
294,baruun-urt,46.68,113.28,22.69,83,83,12.95,MN,1603225979
295,adrar,20.5,-10.07,87.55,14,0,7.52,MR,1603225979
296,finschhafen,-6.6,147.87,80.24,73,68,3.31,PG,1603225979
297,kununurra,-15.77,128.73,78.8,94,40,3.53,AU,1603225979
298,hamilton,39.18,-84.53,55.4,87,90,5.82,US,1603225684
299,aripuana,-9.17,-60.63,91.85,45,95,2.59,BR,1603225898
300,ponta delgada,37.73,-25.67,62.6,63,40,12.75,PT,1603225979
301,zasheyek,67.41,32.55,29.7,97,42,6.06,RU,1603225980
302,petropavlovka,50.61,105.32,26.89,77,100,1.5,RU,1603225980
303,dakar,14.69,-17.44,86.0,74,97,8.48,SN,1603225980
304,najran,17.49,44.13,71.6,33,0,4.7,SA,1603225980
305,aklavik,68.22,-135.01,23.0,85,90,19.46,CA,1603225980
306,yalta,44.5,34.17,52.56,51,0,5.88,UA,1603225980
307,kimberley,-28.73,24.76,68.0,14,0,13.87,ZA,1603225980
308,itarema,-2.92,-39.92,79.41,73,28,17.83,BR,1603225980
309,rawson,-43.3,-65.1,54.28,49,97,18.16,AR,1603225980
310,luanda,-8.84,13.23,77.0,83,20,8.05,AO,1603225832
311,asyut,27.18,31.18,80.6,47,0,10.29,EG,1603225981
312,pandan,14.05,124.17,79.65,82,99,10.96,PH,1603225981
313,grindavik,63.84,-22.43,35.6,80,75,4.7,IS,1603225981
314,erzin,36.96,36.2,75.99,74,2,1.86,TR,1603225981
315,bogovarovo,58.98,47.02,30.92,98,96,7.25,RU,1603225981
316,colesberg,-30.72,25.1,54.23,37,0,11.12,ZA,1603225982
317,port-cartier,50.03,-66.87,43.0,100,90,8.05,CA,1603225982
318,tsabong,-26.02,22.4,70.97,22,0,14.29,BW,1603225982
319,jizan,17.33,42.67,86.0,66,0,5.82,SA,1603225982
320,aleppo,36.25,37.5,66.22,51,0,3.36,SY,1603225982
321,puri,19.8,85.85,78.8,100,75,3.36,IN,1603225982
322,artigas,-30.4,-56.47,70.45,78,77,21.14,UY,1603225983
323,le pontet,43.97,4.85,60.8,62,48,8.05,FR,1603225983
324,flinders,-34.58,150.86,57.0,91,8,4.0,AU,1603225983
325,saint-augustin,51.23,-58.65,45.3,90,100,3.44,CA,1603225983
326,haines junction,60.75,-137.51,29.44,81,100,3.67,CA,1603225983
327,varhaug,58.61,5.65,52.0,98,94,1.99,NO,1603225983
328,port hedland,-20.32,118.57,69.8,94,85,8.05,AU,1603225983
329,sisimiut,66.94,-53.67,33.82,94,100,12.44,GL,1603225983
330,maine-soroa,13.21,12.02,87.58,13,0,4.29,NE,1603225984
331,kaeo,-35.1,173.78,57.99,96,100,5.57,NZ,1603225984
332,tura,25.52,90.22,72.07,92,0,2.89,IN,1603225984
333,gouyave,12.16,-61.73,87.8,66,20,23.04,GD,1603225984
334,portland,45.52,-122.68,64.0,55,20,6.93,US,1603225802
335,ambanja,-13.68,48.45,76.75,79,55,1.83,MG,1603225984
336,banjar,-8.19,114.97,78.8,100,20,2.24,ID,1603225984
337,dudinka,69.41,86.18,5.0,92,90,2.24,RU,1603225764
338,hasaki,35.73,140.83,51.8,93,20,8.05,JP,1603225985
339,baker city,44.77,-117.83,55.4,47,40,4.79,US,1603225917
340,uyskoye,54.38,60.0,35.91,84,0,3.67,RU,1603225985
341,santa fe,-31.63,-60.7,59.58,89,100,14.41,AR,1603225754
342,lensk,60.73,114.93,19.24,96,92,4.81,RU,1603225985
343,banda aceh,5.56,95.32,80.29,74,81,9.48,ID,1603225878
344,port said,31.26,32.28,78.8,83,20,13.87,EG,1603225985
345,urengoy,65.97,78.37,25.25,98,100,7.05,RU,1603225871
346,cabedelo,-6.98,-34.83,80.6,69,20,12.75,BR,1603225986
347,yangambi,0.81,24.43,70.56,90,100,0.94,CD,1603225986
348,skagen,57.72,10.58,52.0,84,100,15.01,DK,1603225986
349,port hardy,50.7,-127.42,50.0,87,75,2.24,CA,1603225986
350,palana,59.12,159.97,32.72,99,100,3.62,RU,1603225986
351,salinas,36.68,-121.66,78.01,53,1,6.93,US,1603225930
352,nantucket,41.28,-70.1,64.4,93,90,9.17,US,1603225913
353,lieksa,63.32,30.02,31.26,96,100,6.06,FI,1603225987
354,tecoanapa,16.52,-98.75,85.75,70,94,9.35,MX,1603225987
355,coquimbo,-29.95,-71.34,60.8,72,1,16.11,CL,1603225867
356,mahajanga,-15.72,46.32,77.0,83,20,1.12,MG,1603225987
357,simpsonville,34.74,-82.25,77.0,53,1,3.36,US,1603225915
358,sao filipe,14.9,-24.5,84.54,59,100,6.71,CV,1603225987
359,ahipara,-35.17,173.17,64.33,62,100,5.28,NZ,1603225987
360,khandyga,62.67,135.6,14.29,96,95,4.07,RU,1603225987
361,tessalit,20.2,1.01,85.89,14,0,10.58,ML,1603225988
362,chumikan,54.72,135.31,33.15,86,100,1.01,RU,1603225988
363,cumaral,4.27,-73.49,83.61,67,16,3.87,CO,1603225988
364,augusta,48.37,10.88,46.4,87,100,1.12,DE,1603225988
365,chilca,-12.52,-76.74,68.0,68,27,9.17,PE,1603225988
366,roblin,51.23,-101.36,28.22,96,100,7.36,CA,1603225747
367,xichang,27.9,102.26,46.8,78,95,5.37,CN,1603225988
368,huarmey,-10.07,-78.15,68.88,67,20,10.38,PE,1603225988
369,alleroy,43.21,46.28,55.4,66,75,3.31,RU,1603225989
370,mayo,38.89,-76.51,71.6,77,1,8.05,US,1603225989
371,la rioja,42.25,-2.5,61.0,77,20,24.16,ES,1603225989
372,kilindoni,-7.91,39.67,78.51,79,0,12.88,TZ,1603225989
373,murgab,37.5,61.97,55.4,50,0,5.32,TM,1603225989
374,yambio,4.57,28.4,65.34,94,97,1.79,SS,1603225989
375,bairiki,1.33,172.98,82.4,74,20,12.75,KI,1603225990
376,broome,42.25,-75.83,55.0,93,90,9.17,US,1603225990
377,thinadhoo,0.53,72.93,82.47,77,95,13.0,MV,1603225990
378,anaconda,46.13,-112.94,46.4,36,40,11.41,US,1603225990
379,muisne,0.6,-80.03,86.0,70,40,9.17,EC,1603225990
380,athni,16.73,75.07,71.92,91,100,8.12,IN,1603225990
381,asfi,32.3,-9.24,68.34,89,99,23.51,MA,1603225990
382,evans,33.53,-82.13,80.01,54,1,9.17,US,1603225904
383,nome,64.5,-165.41,33.8,86,75,6.93,US,1603225990
384,shimoda,34.67,138.95,55.0,81,9,5.01,JP,1603225991
385,kardla,59.0,22.75,39.99,85,100,5.01,EE,1603225991
386,vila velha,-20.33,-40.29,77.0,88,90,5.82,BR,1603225991
387,provideniya,64.38,-173.3,42.8,87,90,11.18,RU,1603225991
388,corowa,-36.03,146.38,46.99,95,100,2.75,AU,1603225991
389,ketchikan,55.34,-131.65,46.4,87,75,5.82,US,1603225991
390,lethem,3.38,-59.8,92.28,45,87,6.76,GY,1603225992
391,luwuk,-0.95,122.79,76.01,70,98,3.96,ID,1603225992
392,severo-kurilsk,50.68,156.12,41.22,69,79,24.29,RU,1603225992
393,lavrentiya,65.58,-171.0,37.51,94,100,12.91,RU,1603225992
394,pittsfield,42.45,-73.25,64.4,72,75,6.93,US,1603225826
395,broken hill,-31.95,141.43,62.6,39,30,3.36,AU,1603225883
396,wanning,18.8,110.4,71.6,89,80,12.64,CN,1603225992
397,alamogordo,32.9,-105.96,82.99,8,1,5.82,US,1603225992
398,hailar,49.2,119.7,32.94,96,100,8.1,CN,1603225993
399,inuvik,68.35,-133.72,23.0,92,90,16.11,CA,1603225772
400,cap-aux-meules,47.38,-61.86,57.2,100,90,12.75,CA,1603225993
401,oga,46.46,10.35,41.0,80,20,5.82,IT,1603225993
402,mount isa,-20.73,139.5,78.8,26,90,10.85,AU,1603225782
403,kalemie,-5.95,29.19,71.11,83,80,7.45,CD,1603225993
404,puerto leguizamo,-0.19,-74.78,85.64,65,100,0.74,CO,1603225993
405,dunedin,-45.87,170.5,46.99,90,100,5.99,NZ,1603225776
406,vallenar,-28.57,-70.76,84.45,17,0,9.01,CL,1603225800
407,lorengau,-2.02,147.27,82.29,67,96,1.19,PG,1603225994
408,abnub,27.27,31.15,80.6,47,0,10.29,EG,1603225994
409,sorland,67.67,12.69,35.6,80,75,9.17,NO,1603225994
410,aloleng,16.13,119.78,78.8,92,100,23.98,PH,1603225994
411,general pico,-35.66,-63.76,64.65,37,5,14.92,AR,1603225994
412,two rivers,44.15,-87.57,45.0,65,90,9.17,US,1603225995
413,erenhot,43.65,111.98,28.4,76,0,20.24,CN,1603225995
414,orange,33.7,-117.77,80.01,57,20,10.29,US,1603225741
415,ibotirama,-12.19,-43.22,86.68,41,87,3.83,BR,1603225995
416,zuwarah,32.93,12.08,70.03,55,0,9.57,LY,1603225995
417,darfo,45.88,10.18,57.0,10,100,4.0,IT,1603225995
418,san carlos,9.66,-68.58,83.26,76,87,3.09,VE,1603225995
419,ibirama,-27.06,-49.52,79.41,65,1,6.17,BR,1603225995
420,maturin,9.75,-63.18,87.33,67,31,2.55,VE,1603225814
421,misratah,32.38,15.09,71.51,57,0,9.04,LY,1603225996
422,naze,28.37,129.48,75.2,88,75,12.75,JP,1603225996
423,iqaluit,63.75,-68.51,28.4,92,90,12.75,CA,1603225812
424,ordzhonikidze,52.44,61.74,47.07,80,98,11.21,KZ,1603225996
425,murmashi,68.82,32.81,30.2,100,75,2.24,RU,1603225996
426,norfolk,42.17,-71.25,69.8,73,90,5.82,US,1603225828
427,matamoros,25.53,-103.25,89.6,17,5,6.69,MX,1603225997
428,tra vinh,9.93,106.35,75.85,93,100,1.83,VN,1603225997
429,mattru,7.62,-11.83,74.61,94,97,1.23,SL,1603225997
430,sarakhs,36.54,61.16,55.4,32,0,2.24,IR,1603225997
431,peterhead,57.51,-1.8,51.01,93,90,1.12,GB,1603225972
432,greenwood,34.17,-82.12,75.99,60,1,3.36,US,1603225997
433,krivosheino,57.34,83.93,36.81,96,87,6.78,RU,1603225997
434,patterson,37.47,-121.13,84.2,28,1,6.62,US,1603225918
435,asau,46.43,26.4,39.2,93,0,3.87,RO,1603225997
436,talara,-4.58,-81.27,75.2,73,38,13.87,PE,1603225998
437,olkhovatka,50.28,39.29,40.59,71,0,9.17,RU,1603225998
438,mugur-aksy,50.35,90.5,23.5,84,0,4.23,RU,1603225998
439,acarau,-2.89,-40.12,79.68,72,22,19.46,BR,1603225890
440,omaruru,-21.43,15.93,64.78,30,0,5.91,NA,1603225998
441,marawi,8.0,124.29,75.0,94,100,5.99,PH,1603225998
442,mitsamiouli,-11.38,43.28,79.07,72,0,1.95,KM,1603225998
443,port blair,11.67,92.75,81.0,84,76,14.43,IN,1603225999
444,douglas,41.3,-96.17,43.0,87,90,6.93,US,1603225999
445,nichinan,31.6,131.37,66.16,75,28,10.92,JP,1603225999
446,mogok,22.92,96.5,64.83,87,99,2.3,MM,1603226000
447,bilibino,68.05,166.44,19.89,94,95,2.19,RU,1603226000
448,fortuna,40.6,-124.16,71.01,67,1,14.99,US,1603226000
449,sangar,63.92,127.47,16.21,94,100,8.86,RU,1603226000
450,wajima,37.4,136.9,62.11,64,0,15.05,JP,1603226000
451,ancud,-41.87,-73.82,53.6,50,0,11.41,CL,1603226000
452,saint-paul,-21.01,55.27,73.4,69,67,13.87,RE,1603226000
453,praia da vitoria,38.73,-27.07,61.0,77,40,27.49,PT,1603226001
454,villamontes,-21.25,-63.5,85.6,46,56,3.22,BO,1603226001
455,mahina,-17.51,-149.49,84.2,66,20,17.22,PF,1603226001
456,cooma,-36.23,149.13,46.4,100,90,10.29,AU,1603226001
457,chapaevsk,52.98,49.71,39.2,55,40,4.47,RU,1603226001
458,wonthaggi,-38.6,145.59,53.01,95,100,0.69,AU,1603225841
459,sao gabriel da cachoeira,-0.13,-67.09,89.44,59,86,1.5,BR,1603226001
460,san fernando,15.03,120.69,77.0,94,90,4.7,PH,1603226001
461,christchurch,-43.53,172.63,55.99,76,61,6.93,NZ,1603226002
462,homer,59.64,-151.55,41.0,80,1,5.82,US,1603226002
463,vardo,70.37,31.11,32.0,73,75,5.82,NO,1603225909
464,okha,53.57,142.95,31.37,88,11,10.4,RU,1603226002
465,chama,47.18,8.46,53.01,87,40,2.24,CH,1603226002
466,manama,26.22,50.58,82.4,48,0,3.36,BH,1603225820
467,armizonskoye,55.95,67.67,43.59,92,100,8.61,RU,1603226002
468,thomasville,35.88,-80.08,78.01,60,84,1.74,US,1603226003
469,talnakh,69.49,88.4,5.0,92,90,2.24,RU,1603225987
470,baghdad,33.34,44.4,69.8,32,0,8.05,IQ,1603225854
471,lodwar,3.12,35.6,88.11,35,61,14.03,KE,1603226003
472,trincomalee,8.57,81.23,80.56,77,3,18.34,LK,1603226003
473,beringovskiy,63.05,179.32,40.64,87,99,13.02,RU,1603226003
474,moju,-1.88,-48.77,78.8,83,75,5.82,BR,1603226003
475,tottori,35.5,134.23,55.6,59,0,6.87,JP,1603226004
476,batsfjord,70.63,29.72,33.8,100,40,4.7,NO,1603226004
477,lerwick,60.15,-1.15,48.2,87,100,28.86,GB,1603225830
478,neiafu,-18.65,-173.98,75.2,73,40,5.82,TO,1603226004
479,numan,9.47,12.03,82.4,65,0,3.31,NG,1603226004
480,columbus,39.96,-83.0,55.4,93,90,5.82,US,1603225855
481,coahuayana,18.73,-103.68,84.2,66,40,11.41,MX,1603226004
482,kenai,60.55,-151.26,37.99,80,1,1.9,US,1603225873
483,quesnel,53.0,-122.5,41.0,75,75,3.36,CA,1603225939
484,fria,10.42,-13.58,72.93,98,67,1.97,GN,1603226005
485,aasiaat,68.71,-52.87,36.09,92,100,17.02,GL,1603226005
486,port lincoln,-34.73,135.87,57.45,85,12,11.45,AU,1603226005
487,isla mujeres,21.23,-86.73,86.0,66,40,9.17,MX,1603225803
488,timra,62.49,17.33,37.4,93,100,10.29,SE,1603226005
489,rodino,52.5,80.25,41.9,61,23,10.25,RU,1603226005
490,ulladulla,-35.35,150.47,57.0,100,31,1.12,AU,1603226005
491,bastrop,32.76,-91.87,86.0,48,40,6.35,US,1603226005
492,laguna,38.42,-121.42,87.01,24,1,2.53,US,1603226006
493,kutum,14.2,24.67,76.64,17,0,10.98,SD,1603226006
494,hailun,47.45,126.93,51.35,62,100,15.95,CN,1603226006
495,manta,-0.95,-80.73,84.2,58,20,13.87,EC,1603225884
496,norwood,42.19,-71.2,69.8,73,90,5.82,US,1603226006
497,lichtenburg,-26.15,26.16,72.27,22,37,7.23,ZA,1603226006
498,lakatoro,-16.1,167.42,77.0,94,90,7.61,VU,1603226006
499,srikakulam,18.3,83.9,78.22,86,100,6.08,IN,1603226006
500,chapais,49.78,-74.85,37.4,69,90,3.36,CA,1603226007
501,ende,-8.84,121.66,77.45,73,100,1.1,ID,1603226007
502,kudahuvadhoo,2.67,72.89,82.27,79,100,12.48,MV,1603226007
503,medicine hat,50.05,-110.67,39.2,41,75,10.29,CA,1603225802
504,garowe,8.41,48.48,79.21,67,0,8.46,SO,1603226007
505,mayumba,-3.43,10.66,77.38,87,100,8.3,GA,1603226007
506,abu samrah,35.3,37.18,66.49,45,0,4.34,SY,1603226007
507,zharkent,44.16,80.0,49.28,44,0,0.45,KZ,1603226008
508,kilosa,-6.83,36.98,73.63,71,48,5.64,TZ,1603226008
509,senanga,-16.12,23.27,75.38,18,0,4.97,ZM,1603226008
510,siuna,13.73,-84.78,83.93,84,99,2.55,NI,1603226008
511,lunenburg,44.38,-64.32,64.0,89,98,10.69,CA,1603225801
512,grandview,38.89,-94.53,46.4,100,90,2.86,US,1603226004
513,san francisco,37.77,-122.42,80.01,68,20,3.36,US,1603225885
514,okakarara,-20.58,17.43,72.68,20,2,13.67,NA,1603226009
515,kavieng,-2.57,150.8,81.25,81,96,12.06,PG,1603226009
516,coihaique,-45.58,-72.07,57.2,41,75,10.29,CL,1603226002
517,burnie,-41.07,145.92,50.0,95,100,7.09,AU,1603226009
518,vanimo,-2.67,141.3,78.28,84,100,4.47,PG,1603226009
519,aksu,41.12,80.26,49.78,43,0,3.87,CN,1603226009
520,popondetta,-8.75,148.25,73.4,94,100,2.57,PG,1603226009
521,bacolod,10.67,122.95,77.81,84,95,11.34,PH,1603226009
522,almaznyy,48.04,40.05,42.8,67,20,4.47,RU,1603226009
523,ejea de los caballeros,42.13,-1.14,62.6,72,100,36.91,ES,1603226010
524,samarai,-10.62,150.67,79.32,85,98,8.19,PG,1603226010
525,avera,33.19,-82.53,78.8,57,1,8.05,US,1603226010
526,esmeraldas,-19.76,-44.31,64.4,93,90,3.36,BR,1603226010
527,rovinj,45.08,13.64,51.8,93,20,3.36,HR,1603226010
528,mucurapo,10.67,-61.53,91.4,52,20,8.05,TT,1603226010
529,koungou,-12.73,45.2,78.8,78,0,5.82,YT,1603226011
530,baglung,28.27,83.59,63.1,74,48,2.33,NP,1603226011
531,goderich,43.75,-81.72,53.01,70,100,7.07,CA,1603226011
532,phalaborwa,-23.94,31.14,73.4,73,21,21.92,ZA,1603226011
533,palmerston north,-40.35,175.62,59.0,81,99,4.76,NZ,1603225824
534,san vicente,-26.62,-54.13,72.82,74,74,3.74,AR,1603226011
535,dire dawa,9.59,41.87,68.52,41,0,3.22,ET,1603226011
536,vrangel,42.73,133.08,54.32,85,100,5.44,RU,1603226011
537,the valley,18.22,-63.06,86.0,74,20,5.82,AI,1603226012
538,smithers,54.78,-127.17,33.8,61,75,3.36,CA,1603225802
539,lucapa,-8.42,20.74,68.29,85,52,4.56,AO,1603226012
540,mongomo,1.63,11.31,68.85,96,100,3.87,GQ,1603226012
541,husavik,66.04,-17.34,24.8,85,95,4.7,IS,1603226012
542,yinchuan,38.47,106.27,44.06,43,0,4.88,CN,1603226012
543,pacific grove,36.62,-121.92,78.01,72,1,4.7,US,1603226012
544,fomboni,-12.28,43.74,79.68,69,0,2.62,KM,1603226012
545,akdepe,42.06,59.38,55.4,36,0,6.93,TM,1603226012
546,kalmar,56.66,16.36,51.8,81,100,17.22,SE,1603226013
547,diapaga,12.07,1.79,85.19,33,12,3.13,BF,1603226013
548,awjilah,29.11,21.29,69.78,64,0,14.7,LY,1603226013
549,prince rupert,54.32,-130.32,42.8,93,90,6.93,CA,1603226013
550,kloulklubed,7.04,134.26,77.0,94,90,6.87,PW,1603226013
551,ladario,-19.0,-57.6,86.0,78,75,12.75,BR,1603226013
552,meaford,44.6,-80.58,46.0,75,100,1.01,CA,1603225990
553,guanica,17.97,-66.91,88.0,59,92,5.39,PR,1603226014
554,ndele,8.41,20.65,73.87,83,83,2.46,CF,1603226014
555,berlevag,70.86,29.09,33.8,80,75,3.36,NO,1603226014
556,port shepstone,-30.74,30.45,67.14,70,100,11.43,ZA,1603226014
557,bichura,50.59,107.6,24.4,84,58,1.99,RU,1603226014
558,solvychegodsk,61.33,46.92,28.99,97,100,7.81,RU,1603226014
559,nieuwpoort,51.12,2.77,57.99,93,100,10.29,BE,1603226014
560,morehead,37.27,-87.18,71.01,100,90,5.21,US,1603226015
561,lasa,46.62,10.7,51.01,93,75,5.82,IT,1603226015
562,quatre cocos,-20.21,57.76,75.2,73,20,11.41,MU,1603226015
